,1,2,3,Adult,C,Child,Dead,Old,Q,S,Survived,Teen,Unknown,female,male,nan
0,False,False,True,True,False,False,True,False,False,True,False,False,False,False,True,False
1,True,False,False,True,True,False,False,False,False,False,True,False,False,True,False,False
2,False,False,True,True,False,False,False,False,False,True,True,False,False,True,False,False
3,True,False,False,True,False,False,False,False,False,True,True,False,False,True,False,False
4,False,False,True,True,False,False,True,False,False,True,False,False,False,False,True,False
5,False,False,True,False,False,False,True,False,True,False,False,False,False,False,True,True
6,True,False,False,False,False,False,True,True,False,True,False,False,False,False,True,False
7,False,False,True,False,False,True,True,False,False,True,False,False,False,False,True,False
8,False,False,True,True,False,False,False,False,False,True,True,False,False,True,False,False
9,False,True,False,False,True,False,False,False,False,False,True,True,False,True,False,False
10,False,False,True,False,False,True,False,False,False,True,True,False,False,True,False,False
11,True,False,False,False,False,False,False,True,False,True,True,False,False,True,False,False
12,False,False,True,False,False,False,True,False,False,True,False,True,False,False,True,False
13,False,False,True,True,False,False,True,False,False,True,False,False,False,False,True,False
14,False,False,True,False,False,False,True,False,False,True,False,True,False,True,False,False
15,False,True,False,False,False,False,False,True,False,True,True,False,False,True,False,False
16,False,False,True,False,False,True,True,False,True,False,False,False,False,False,True,False
17,False,True,False,False,False,False,False,False,False,True,True,False,False,False,True,True
18,False,False,True,True,False,False,True,False,False,True,False,False,False,True,False,False
19,False,False,True,False,True,False,False,False,False,False,True,False,False,True,False,True
20,False,True,False,True,False,False,True,False,False,True,False,False,False,False,True,False
21,False,True,False,True,False,False,False,False,False,True,True,False,False,False,True,False
22,False,False,True,False,False,False,False,False,True,False,True,True,False,True,False,False
23,True,False,False,True,False,False,False,False,False,True,True,False,False,False,True,False
24,False,False,True,False,False,True,True,False,False,True,False,False,False,True,False,False
25,False,False,True,True,False,False,False,False,False,True,True,False,False,True,False,False
26,False,False,True,False,True,False,True,False,False,False,False,False,False,False,True,True
27,True,False,False,False,False,False,True,False,False,True,False,True,False,False,True,False
28,False,False,True,False,False,False,False,False,True,False,True,False,False,True,False,True
29,False,False,True,False,False,False,True,False,False,True,False,False,False,False,True,True
30,True,False,False,True,True,False,True,False,False,False,False,False,False,False,True,False
31,True,False,False,False,True,False,False,False,False,False,True,False,False,True,False,True
32,False,False,True,False,False,False,False,False,True,False,True,False,False,True,False,True
33,False,True,False,False,False,False,True,True,False,True,False,False,False,False,True,False
34,True,False,False,True,True,False,True,False,False,False,False,False,False,False,True,False
35,True,False,False,True,False,False,True,False,False,True,False,False,False,False,True,False
36,False,False,True,False,True,False,False,False,False,False,True,False,False,False,True,True
37,False,False,True,True,False,False,True,False,False,True,False,False,False,False,True,False
38,False,False,True,False,False,False,True,False,False,True,False,True,False,True,False,False
39,False,False,True,False,True,False,False,False,False,False,True,True,False,True,False,False
40,False,False,True,True,False,False,True,False,False,True,False,False,False,True,False,False
41,False,True,False,True,False,False,True,False,False,True,False,False,False,True,False,False
42,False,False,True,False,True,False,True,False,False,False,False,False,False,False,True,True
43,False,True,False,False,True,True,False,False,False,False,True,False,False,True,False,False
44,False,False,True,False,False,False,False,False,True,False,True,True,False,True,False,False
45,False,False,True,False,False,False,True,False,False,True,False,False,False,False,True,True
46,False,False,True,False,False,False,True,False,True,False,False,False,False,False,True,True
47,False,False,True,False,False,False,False,False,True,False,True,False,False,True,False,True
48,False,False,True,False,True,False,True,False,False,False,False,False,False,False,True,True
49,False,False,True,False,False,False,True,False,False,True,False,True,False,True,False,False
50,False,False,True,False,False,True,True,False,False,True,False,False,False,False,True,False
51,False,False,True,True,False,False,True,False,False,True,False,False,False,False,True,False
52,True,False,False,True,True,False,False,False,False,False,True,False,False,True,False,False
53,False,True,False,True,False,False,False,False,False,True,True,False,False,True,False,False
54,True,False,False,False,True,False,True,True,False,False,False,False,False,False,True,False
55,True,False,False,False,False,False,False,False,False,True,True,False,False,False,True,True
56,False,True,False,True,False,False,False,False,False,True,True,False,False,True,False,False
57,False,False,True,True,True,False,True,False,False,False,False,False,False,False,True,False
58,False,True,False,False,False,True,False,False,False,True,True,False,False,True,False,False
59,False,False,True,False,False,False,True,False,False,True,False,True,False,False,True,False
60,False,False,True,True,True,False,True,False,False,False,False,False,False,False,True,False
61,True,False,False,True,False,False,False,False,False,False,True,False,True,True,False,False
62,True,False,False,True,False,False,True,False,False,True,False,False,False,False,True,False
63,False,False,True,False,False,True,True,False,False,True,False,False,False,False,True,False
64,True,False,False,False,True,False,True,False,False,False,False,False,False,False,True,True
65,False,False,True,False,True,False,False,False,False,False,True,False,False,False,True,True
66,False,True,False,True,False,False,False,False,False,True,True,False,False,True,False,False
67,False,False,True,False,False,False,True,False,False,True,False,True,False,False,True,False
68,False,False,True,False,False,False,False,False,False,True,True,True,False,True,False,False
69,False,False,True,True,False,False,True,False,False,True,False,False,False,False,True,False
70,False,True,False,True,False,False,True,False,False,True,False,False,False,False,True,False
71,False,False,True,False,False,False,True,False,False,True,False,True,False,True,False,False
72,False,True,False,True,False,False,True,False,False,True,False,False,False,False,True,False
73,False,False,True,True,True,False,True,False,False,False,False,False,False,False,True,False
74,False,False,True,True,False,False,False,False,False,True,True,False,False,False,True,False
75,False,False,True,True,False,False,True,False,False,True,False,False,False,False,True,False
76,False,False,True,False,False,False,True,False,False,True,False,False,False,False,True,True
77,False,False,True,False,False,False,True,False,False,True,False,False,False,False,True,True
78,False,True,False,False,False,False,False,False,False,True,True,False,False,False,True,True
79,False,False,True,True,False,False,False,False,False,True,True,False,False,True,False,False
80,False,False,True,True,False,False,True,False,False,True,False,False,False,False,True,False
81,False,False,True,True,False,False,False,False,False,True,True,False,False,False,True,False
82,False,False,True,False,False,False,False,False,True,False,True,False,False,True,False,True
83,True,False,False,True,False,False,True,False,False,True,False,False,False,False,True,False
84,False,True,False,False,False,False,False,False,False,True,True,True,False,True,False,False
85,False,False,True,True,False,False,False,False,False,True,True,False,False,True,False,False
86,False,False,True,False,False,False,True,False,False,True,False,True,False,False,True,False
87,False,False,True,False,False,False,True,False,False,True,False,False,False,False,True,True
88,True,False,False,True,False,False,False,False,False,True,True,False,False,True,False,False
89,False,False,True,True,False,False,True,False,False,True,False,False,False,False,True,False
90,False,False,True,True,False,False,True,False,False,True,False,False,False,False,True,False
91,False,False,True,False,False,False,True,False,False,True,False,True,False,False,True,False
92,True,False,False,True,False,False,True,False,False,True,False,False,False,False,True,False
93,False,False,True,True,False,False,True,False,False,True,False,False,False,False,True,False
94,False,False,True,False,False,False,True,True,False,True,False,False,False,False,True,False
95,False,False,True,False,False,False,True,False,False,True,False,False,False,False,True,True
96,True,False,False,False,True,False,True,True,False,False,False,False,False,False,True,False
97,True,False,False,True,True,False,False,False,False,False,True,False,False,False,True,False
98,False,True,False,True,False,False,False,False,False,True,True,False,False,True,False,False
99,False,True,False,True,False,False,True,False,False,True,False,False,False,False,True,False
100,False,False,True,True,False,False,True,False,False,True,False,False,False,True,False,False
101,False,False,True,False,False,False,True,False,False,True,False,False,False,False,True,True
102,True,False,False,True,False,False,True,False,False,True,False,False,False,False,True,False
103,False,False,True,True,False,False,True,False,False,True,False,False,False,False,True,False
104,False,False,True,True,False,False,True,False,False,True,False,False,False,False,True,False
105,False,False,True,True,False,False,True,False,False,True,False,False,False,False,True,False
106,False,False,True,True,False,False,False,False,False,True,True,False,False,True,False,False
107,False,False,True,False,False,False,False,False,False,True,True,False,False,False,True,True
108,False,False,True,True,False,False,True,False,False,True,False,False,False,False,True,False
109,False,False,True,False,False,False,False,False,True,False,True,False,False,True,False,True
110,True,False,False,True,False,False,True,False,False,True,False,False,False,False,True,False
111,False,False,True,False,True,False,True,False,False,False,False,True,False,True,False,False
112,False,False,True,True,False,False,True,False,False,True,False,False,False,False,True,False
113,False,False,True,False,False,False,True,False,False,True,False,True,False,True,False,False
114,False,False,True,False,True,False,True,False,False,False,False,True,False,True,False,False
115,False,False,True,True,False,False,True,False,False,True,False,False,False,False,True,False
116,False,False,True,False,False,False,True,True,True,False,False,False,False,False,True,False
117,False,True,False,True,False,False,True,False,False,True,False,False,False,False,True,False
118,True,False,False,True,True,False,True,False,False,False,False,False,False,False,True,False
119,False,False,True,False,False,True,True,False,False,True,False,False,False,True,False,False
120,False,True,False,True,False,False,True,False,False,True,False,False,False,False,True,False
121,False,False,True,False,False,False,True,False,False,True,False,False,False,False,True,True
122,False,True,False,True,True,False,True,False,False,False,False,False,False,False,True,False
123,False,True,False,True,False,False,False,False,False,True,True,False,False,True,False,False
124,True,False,False,False,False,False,True,True,False,True,False,False,False,False,True,False
125,False,False,True,False,True,False,False,False,False,False,True,True,False,False,True,False
126,False,False,True,False,False,False,True,False,True,False,False,False,False,False,True,True
127,False,False,True,True,False,False,False,False,False,True,True,False,False,False,True,False
128,False,False,True,False,True,False,False,False,False,False,True,False,False,True,False,True
129,False,False,True,True,False,False,True,False,False,True,False,False,False,False,True,False
130,False,False,True,True,True,False,True,False,False,False,False,False,False,False,True,False
131,False,False,True,False,False,False,True,False,False,True,False,True,False,False,True,False
132,False,False,True,True,False,False,True,False,False,True,False,False,False,True,False,False
133,False,True,False,True,False,False,False,False,False,True,True,False,False,True,False,False
134,False,True,False,True,False,False,True,False,False,True,False,False,False,False,True,False
135,False,True,False,True,True,False,True,False,False,False,False,False,False,False,True,False
136,True,False,False,False,False,False,False,False,False,True,True,True,False,True,False,False
137,True,False,False,True,False,False,True,False,False,True,False,False,False,False,True,False
138,False,False,True,False,False,False,True,False,False,True,False,True,False,False,True,False
139,True,False,False,True,True,False,True,False,False,False,False,False,False,False,True,False
140,False,False,True,False,True,False,True,False,False,False,False,False,False,True,False,True
141,False,False,True,True,False,False,False,False,False,True,True,False,False,True,False,False
142,False,False,True,True,False,False,False,False,False,True,True,False,False,True,False,False
143,False,False,True,False,False,False,True,False,True,False,False,True,False,False,True,False
144,False,True,False,False,False,False,True,False,False,True,False,True,False,False,True,False
145,False,True,False,False,False,False,True,False,False,True,False,True,False,False,True,False
146,False,False,True,True,False,False,False,False,False,True,True,False,False,False,True,False
147,False,False,True,False,False,True,True,False,False,True,False,False,False,True,False,False
148,False,True,False,True,False,False,True,False,False,True,False,False,False,False,True,False
149,False,True,False,True,False,False,True,False,False,True,False,False,False,False,True,False
150,False,True,False,False,False,False,True,True,False,True,False,False,False,False,True,False
151,True,False,False,True,False,False,False,False,False,True,True,False,False,True,False,False
152,False,False,True,False,False,False,True,True,False,True,False,False,False,False,True,False
153,False,False,True,True,False,False,True,False,False,True,False,False,False,False,True,False
154,False,False,True,False,False,False,True,False,False,True,False,False,False,False,True,True
155,True,False,False,False,True,False,True,True,False,False,False,False,False,False,True,False
156,False,False,True,False,False,False,False,False,True,False,True,True,False,True,False,False
157,False,False,True,True,False,False,True,False,False,True,False,False,False,False,True,False
158,False,False,True,False,False,False,True,False,False,True,False,False,False,False,True,True
159,False,False,True,False,False,False,True,False,False,True,False,False,False,False,True,True
160,False,False,True,True,False,False,True,False,False,True,False,False,False,False,True,False
161,False,True,False,True,False,False,False,False,False,True,True,False,False,True,False,False
162,False,False,True,True,False,False,True,False,False,True,False,False,False,False,True,False
163,False,False,True,False,False,False,True,False,False,True,False,True,False,False,True,False
164,False,False,True,False,False,False,True,False,False,True,False,False,False,False,True,True
165,False,False,True,False,False,True,False,False,False,True,True,False,False,False,True,False
166,True,False,False,False,False,False,False,False,False,True,True,False,False,True,False,True
167,False,False,True,True,False,False,True,False,False,True,False,False,False,True,False,False
168,True,False,False,False,False,False,True,False,False,True,False,False,False,False,True,True
169,False,False,True,True,False,False,True,False,False,True,False,False,False,False,True,False
170,True,False,False,False,False,False,True,True,False,True,False,False,False,False,True,False
171,False,False,True,False,False,True,True,False,True,False,False,False,False,False,True,False
172,False,False,True,False,False,False,False,False,False,True,True,False,False,True,False,True
173,False,False,True,True,False,False,True,False,False,True,False,False,False,False,True,False
174,True,False,False,False,True,False,True,True,False,False,False,False,False,False,True,False
175,False,False,True,False,False,False,True,False,False,True,False,True,False,False,True,False
176,False,False,True,False,False,False,True,False,False,True,False,False,False,False,True,True
177,True,False,False,True,True,False,True,False,False,False,False,False,False,True,False,False
178,False,True,False,True,False,False,True,False,False,True,False,False,False,False,True,False
179,False,False,True,True,False,False,True,False,False,True,False,False,False,False,True,False
180,False,False,True,False,False,False,True,False,False,True,False,False,False,True,False,True
181,False,True,False,False,True,False,True,False,False,False,False,False,False,False,True,True
182,False,False,True,False,False,True,True,False,False,True,False,False,False,False,True,False
183,False,True,False,False,False,False,False,False,False,True,True,False,False,False,True,True
184,False,False,True,False,False,True,False,False,False,True,True,False,False,True,False,False
185,True,False,False,False,False,False,True,False,False,True,False,False,False,False,True,True
186,False,False,True,False,False,False,False,False,True,False,True,False,False,True,False,True
187,True,False,False,True,False,False,False,False,False,True,True,False,False,False,True,False
188,False,False,True,True,False,False,True,False,True,False,False,False,False,False,True,False
189,False,False,True,True,False,False,True,False,False,True,False,False,False,False,True,False
190,False,True,False,True,False,False,False,False,False,True,True,False,False,True,False,False
191,False,True,False,False,False,False,True,False,False,True,False,True,False,False,True,False
192,False,False,True,False,False,False,False,False,False,True,True,True,False,True,False,False
193,False,True,False,False,False,True,False,False,False,True,True,False,False,False,True,False
194,True,False,False,True,True,False,False,False,False,False,True,False,False,True,False,False
195,True,False,False,False,True,False,False,True,False,False,True,False,False,True,False,False
196,False,False,True,False,False,False,True,False,True,False,False,False,False,False,True,True
197,False,False,True,True,False,False,True,False,False,True,False,False,False,False,True,False
198,False,False,True,False,False,False,False,False,True,False,True,False,False,True,False,True
199,False,True,False,True,False,False,True,False,False,True,False,False,False,True,False,False
200,False,False,True,True,False,False,True,False,False,True,False,False,False,False,True,False
201,False,False,True,False,False,False,True,False,False,True,False,False,False,False,True,True
202,False,False,True,True,False,False,True,False,False,True,False,False,False,False,True,False
203,False,False,True,True,True,False,True,False,False,False,False,False,False,False,True,False
204,False,False,True,False,False,False,False,False,False,True,True,True,False,False,True,False
205,False,False,True,False,False,True,True,False,False,True,False,False,False,True,False,False
206,False,False,True,True,False,False,True,False,False,True,False,False,False,False,True,False
207,False,False,True,True,True,False,False,False,False,False,True,False,False,False,True,False
208,False,False,True,False,False,False,False,False,True,False,True,True,False,True,False,False
209,True,False,False,True,True,False,False,False,False,False,True,False,False,False,True,False
210,False,False,True,True,False,False,True,False,False,True,False,False,False,False,True,False
211,False,True,False,True,False,False,False,False,False,True,True,False,False,True,False,False
212,False,False,True,True,False,False,True,False,False,True,False,False,False,False,True,False
213,False,True,False,True,False,False,True,False,False,True,False,False,False,False,True,False
214,False,False,True,False,False,False,True,False,True,False,False,False,False,False,True,True
215,True,False,False,True,True,False,False,False,False,False,True,False,False,True,False,False
216,False,False,True,True,False,False,False,False,False,True,True,False,False,True,False,False
217,False,True,False,True,False,False,True,False,False,True,False,False,False,False,True,False
218,True,False,False,True,True,False,False,False,False,False,True,False,False,True,False,False
219,False,True,False,True,False,False,True,False,False,True,False,False,False,False,True,False
220,False,False,True,False,False,False,False,False,False,True,True,True,False,False,True,False
221,False,True,False,True,False,False,True,False,False,True,False,False,False,False,True,False
222,False,False,True,False,False,False,True,True,False,True,False,False,False,False,True,False
223,False,False,True,False,False,False,True,False,False,True,False,False,False,False,True,True
224,True,False,False,True,False,False,False,False,False,True,True,False,False,False,True,False
225,False,False,True,True,False,False,True,False,False,True,False,False,False,False,True,False
226,False,True,False,False,False,False,False,False,False,True,True,True,False,False,True,False
227,False,False,True,True,False,False,True,False,False,True,False,False,False,False,True,False
228,False,True,False,False,False,False,True,False,False,True,False,True,False,False,True,False
229,False,False,True,False,False,False,True,False,False,True,False,False,False,True,False,True
230,True,False,False,True,False,False,False,False,False,True,True,False,False,True,False,False
231,False,False,True,True,False,False,True,False,False,True,False,False,False,False,True,False
232,False,True,False,False,False,False,True,True,False,True,False,False,False,False,True,False
233,False,False,True,False,False,True,False,False,False,True,True,False,False,True,False,False
234,False,True,False,True,False,False,True,False,False,True,False,False,False,False,True,False
235,False,False,True,False,False,False,True,False,False,True,False,False,False,True,False,True
236,False,True,False,True,False,False,True,False,False,True,False,False,False,False,True,False
237,False,True,False,False,False,True,False,False,False,True,True,False,False,True,False,False
238,False,True,False,False,False,False,True,False,False,True,False,True,False,False,True,False
239,False,True,False,True,False,False,True,False,False,True,False,False,False,False,True,False
240,False,False,True,False,True,False,True,False,False,False,False,False,False,True,False,True
241,False,False,True,False,False,False,False,False,True,False,True,False,False,True,False,True
242,False,True,False,True,False,False,True,False,False,True,False,False,False,False,True,False
243,False,False,True,True,False,False,True,False,False,True,False,False,False,False,True,False
244,False,False,True,True,True,False,True,False,False,False,False,False,False,False,True,False
245,True,False,False,True,False,False,True,False,True,False,False,False,False,False,True,False
246,False,False,True,True,False,False,True,False,False,True,False,False,False,True,False,False
247,False,True,False,True,False,False,False,False,False,True,True,False,False,True,False,False
248,True,False,False,True,False,False,False,False,False,True,True,False,False,False,True,False
249,False,True,False,False,False,False,True,True,False,True,False,False,False,False,True,False
250,False,False,True,False,False,False,True,False,False,True,False,False,False,False,True,True
251,False,False,True,True,False,False,True,False,False,True,False,False,False,True,False,False
252,True,False,False,False,False,False,True,True,False,True,False,False,False,False,True,False
253,False,False,True,True,False,False,True,False,False,True,False,False,False,False,True,False
254,False,False,True,True,False,False,True,False,False,True,False,False,False,True,False,False
255,False,False,True,True,True,False,False,False,False,False,True,False,False,True,False,False
256,True,False,False,False,True,False,False,False,False,False,True,False,False,True,False,True
257,True,False,False,True,False,False,False,False,False,True,True,False,False,True,False,False
258,True,False,False,True,True,False,False,False,False,False,True,False,False,True,False,False
259,False,True,False,True,False,False,False,False,False,True,True,False,False,True,False,False
260,False,False,True,False,False,False,True,False,True,False,False,False,False,False,True,True
261,False,False,True,False,False,True,False,False,False,True,True,False,False,False,True,False
262,True,False,False,False,False,False,True,True,False,True,False,False,False,False,True,False
263,True,False,False,True,False,False,True,False,False,True,False,False,False,False,True,False
264,False,False,True,False,False,False,True,False,True,False,False,False,False,True,False,True
265,False,True,False,True,False,False,True,False,False,True,False,False,False,False,True,False
266,False,False,True,False,False,False,True,False,False,True,False,True,False,False,True,False
267,False,False,True,True,False,False,False,False,False,True,True,False,False,False,True,False
268,True,False,False,False,False,False,False,True,False,True,True,False,False,True,False,False
269,True,False,False,True,False,False,False,False,False,True,True,False,False,True,False,False
270,True,False,False,False,False,False,True,False,False,True,False,False,False,False,True,True
271,False,False,True,True,False,False,False,False,False,True,True,False,False,False,True,False
272,False,True,False,True,False,False,False,False,False,True,True,False,False,True,False,False
273,True,False,False,True,True,False,True,False,False,False,False,False,False,False,True,False
274,False,False,True,False,False,False,False,False,True,False,True,False,False,True,False,True
275,True,False,False,False,False,False,False,True,False,True,True,False,False,True,False,False
276,False,False,True,True,False,False,True,False,False,True,False,False,False,True,False,False
277,False,True,False,False,False,False,True,False,False,True,False,False,False,False,True,True
278,False,False,True,False,False,True,True,False,True,False,False,False,False,False,True,False
279,False,False,True,True,False,False,False,False,False,True,True,False,False,True,False,False
280,False,False,True,False,False,False,True,True,True,False,False,False,False,False,True,False
281,False,False,True,True,False,False,True,False,False,True,False,False,False,False,True,False
282,False,False,True,False,False,False,True,False,False,True,False,True,False,False,True,False
283,False,False,True,False,False,False,False,False,False,True,True,True,False,False,True,False
284,True,False,False,False,False,False,True,False,False,True,False,False,False,False,True,True
285,False,False,True,True,True,False,True,False,False,False,False,False,False,False,True,False
286,False,False,True,True,False,False,False,False,False,True,True,False,False,False,True,False
287,False,False,True,True,False,False,True,False,False,True,False,False,False,False,True,False
288,False,True,False,True,False,False,False,False,False,True,True,False,False,False,True,False
289,False,False,True,True,False,False,False,False,True,False,True,False,False,True,False,False
290,True,False,False,True,False,False,False,False,False,True,True,False,False,True,False,False
291,True,False,False,False,True,False,False,False,False,False,True,True,False,True,False,False
292,False,True,False,True,True,False,True,False,False,False,False,False,False,False,True,False
293,False,False,True,True,False,False,True,False,False,True,False,False,False,True,False,False
294,False,False,True,True,False,False,True,False,False,True,False,False,False,False,True,False
295,True,False,False,False,True,False,True,False,False,False,False,False,False,False,True,True
296,False,False,True,True,True,False,True,False,False,False,False,False,False,False,True,False
297,True,False,False,False,False,True,True,False,False,True,False,False,False,True,False,False
298,True,False,False,False,False,False,False,False,False,True,True,False,False,False,True,True
299,True,False,False,True,True,False,False,False,False,False,True,False,False,True,False,False
300,False,False,True,False,False,False,False,False,True,False,True,False,False,True,False,True
301,False,False,True,False,False,False,False,False,True,False,True,False,False,False,True,True
302,False,False,True,False,False,False,True,False,False,True,False,True,False,False,True,False
303,False,True,False,False,False,False,False,False,True,False,True,False,False,True,False,True
304,False,False,True,False,False,False,True,False,False,True,False,False,False,False,True,True
305,True,False,False,False,False,False,False,False,False,True,True,False,False,False,True,True
306,True,False,False,False,True,False,False,False,False,False,True,False,False,True,False,True
307,True,False,False,False,True,False,False,False,False,False,True,True,False,True,False,False
308,False,True,False,True,True,False,True,False,False,False,False,False,False,False,True,False
309,True,False,False,True,True,False,False,False,False,False,True,False,False,True,False,False
310,True,False,False,True,True,False,False,False,False,False,True,False,False,True,False,False
311,True,False,False,False,True,False,False,False,False,False,True,True,False,True,False,False
312,False,True,False,True,False,False,True,False,False,True,False,False,False,True,False,False
313,False,False,True,True,False,False,True,False,False,True,False,False,False,False,True,False
314,False,True,False,True,False,False,True,False,False,True,False,False,False,False,True,False
315,False,False,True,True,False,False,False,False,False,True,True,False,False,True,False,False
316,False,True,False,True,False,False,False,False,False,True,True,False,False,True,False,False
317,False,True,False,False,False,False,True,True,False,True,False,False,False,False,True,False
318,True,False,False,True,False,False,False,False,False,True,True,False,False,True,False,False
319,True,False,False,True,True,False,False,False,False,False,True,False,False,True,False,False
320,False,False,True,True,False,False,True,False,False,True,False,False,False,False,True,False
321,False,False,True,True,False,False,True,False,False,True,False,False,False,False,True,False
322,False,True,False,True,False,False,False,False,True,False,True,False,False,True,False,False
323,False,True,False,True,False,False,False,False,False,True,True,False,False,True,False,False
324,False,False,True,False,False,False,True,False,False,True,False,False,False,False,True,True
325,True,False,False,True,True,False,False,False,False,False,True,False,False,True,False,False
326,False,False,True,False,False,False,True,True,False,True,False,False,False,False,True,False
327,False,True,False,True,False,False,False,False,False,True,True,False,False,True,False,False
328,False,False,True,True,False,False,False,False,False,True,True,False,False,True,False,False
329,True,False,False,False,True,False,False,False,False,False,True,True,False,True,False,False
330,False,False,True,False,False,False,False,False,True,False,True,False,False,True,False,True
331,True,False,False,True,False,False,True,False,False,True,False,False,False,False,True,False
332,True,False,False,True,False,False,True,False,False,True,False,False,False,False,True,False
333,False,False,True,False,False,False,True,False,False,True,False,True,False,False,True,False
334,True,False,False,False,False,False,False,False,False,True,True,False,False,True,False,True
335,False,False,True,False,False,False,True,False,False,True,False,False,False,False,True,True
336,True,False,False,True,False,False,True,False,False,True,False,False,False,False,True,False
337,True,False,False,True,True,False,False,False,False,False,True,False,False,True,False,False
338,False,False,True,True,False,False,False,False,False,True,True,False,False,False,True,False
339,True,False,False,True,False,False,True,False,False,True,False,False,False,False,True,False
340,False,True,False,False,False,True,False,False,False,True,True,False,False,False,True,False
341,True,False,False,True,False,False,False,False,False,True,True,False,False,True,False,False
342,False,True,False,True,False,False,True,False,False,True,False,False,False,False,True,False
343,False,True,False,True,False,False,True,False,False,True,False,False,False,False,True,False
344,False,True,False,True,False,False,True,False,False,True,False,False,False,False,True,False
345,False,True,False,True,False,False,False,False,False,True,True,False,False,True,False,False
346,False,True,False,True,False,False,False,False,False,True,True,False,False,True,False,False
347,False,False,True,False,False,False,False,False,False,True,True,False,False,True,False,True
348,False,False,True,False,False,True,False,False,False,True,True,False,False,False,True,False
349,False,False,True,True,False,False,True,False,False,True,False,False,False,False,True,False
350,False,False,True,True,False,False,True,False,False,True,False,False,False,False,True,False
351,True,False,False,False,False,False,True,False,False,True,False,False,False,False,True,True
352,False,False,True,False,True,False,True,False,False,False,False,True,False,False,True,False
353,False,False,True,True,False,False,True,False,False,True,False,False,False,False,True,False
354,False,False,True,False,True,False,True,False,False,False,False,False,False,False,True,True
355,False,False,True,True,False,False,True,False,False,True,False,False,False,False,True,False
356,True,False,False,True,False,False,False,False,False,True,True,False,False,True,False,False
357,False,True,False,True,False,False,True,False,False,True,False,False,False,True,False,False
358,False,False,True,False,False,False,False,False,True,False,True,False,False,True,False,True
359,False,False,True,False,False,False,False,False,True,False,True,False,False,True,False,True
360,False,False,True,True,False,False,True,False,False,True,False,False,False,False,True,False
361,False,True,False,True,True,False,True,False,False,False,False,False,False,False,True,False
362,False,False,True,True,True,False,True,False,False,False,False,False,False,True,False,False
363,False,False,True,True,False,False,True,False,False,True,False,False,False,False,True,False
364,False,False,True,False,False,False,True,False,True,False,False,False,False,False,True,True
365,False,False,True,True,False,False,True,False,False,True,False,False,False,False,True,False
366,True,False,False,False,True,False,False,True,False,False,True,False,False,True,False,False
367,False,False,True,False,True,False,False,False,False,False,True,False,False,True,False,True
368,False,False,True,False,False,False,False,False,True,False,True,False,False,True,False,True
369,True,False,False,True,True,False,False,False,False,False,True,False,False,True,False,False
370,True,False,False,True,True,False,False,False,False,False,True,False,False,False,True,False
371,False,False,True,False,False,False,True,False,False,True,False,True,False,False,True,False
372,False,False,True,False,False,False,True,False,False,True,False,True,False,False,True,False
373,True,False,False,True,True,False,True,False,False,False,False,False,False,False,True,False
374,False,False,True,False,False,True,True,False,False,True,False,False,False,True,False,False
375,True,False,False,False,True,False,False,False,False,False,True,False,False,True,False,True
376,False,False,True,True,False,False,False,False,False,True,True,False,False,True,False,False
377,True,False,False,True,True,False,True,False,False,False,False,False,False,False,True,False
378,False,False,True,False,True,False,True,False,False,False,False,True,False,False,True,False
379,False,False,True,False,False,False,True,False,False,True,False,True,False,False,True,False
380,True,False,False,True,True,False,False,False,False,False,True,False,False,True,False,False
381,False,False,True,False,True,False,False,False,False,False,True,False,False,True,False,True
382,False,False,True,True,False,False,True,False,False,True,False,False,False,False,True,False
383,True,False,False,True,False,False,False,False,False,True,True,False,False,True,False,False
384,False,False,True,False,False,False,True,False,False,True,False,False,False,False,True,True
385,False,True,False,False,False,False,True,False,False,True,False,True,False,False,True,False
386,False,False,True,False,False,False,True,False,False,True,False,False,False,False,True,True
387,False,True,False,True,False,False,False,False,False,True,True,False,False,True,False,False
388,False,False,True,False,False,False,True,False,True,False,False,False,False,False,True,True
389,False,True,False,False,True,False,False,False,False,False,True,True,False,True,False,False
390,True,False,False,True,False,False,False,False,False,True,True,False,False,False,True,False
391,False,False,True,True,False,False,False,False,False,True,True,False,False,False,True,False
392,False,False,True,True,False,False,True,False,False,True,False,False,False,False,True,False
393,True,False,False,True,True,False,False,False,False,False,True,False,False,True,False,False
394,False,False,True,True,False,False,False,False,False,True,True,False,False,True,False,False
395,False,False,True,True,False,False,True,False,False,True,False,False,False,False,True,False
396,False,False,True,True,False,False,True,False,False,True,False,False,False,True,False,False
397,False,True,False,True,False,False,True,False,False,True,False,False,False,False,True,False
398,False,True,False,True,False,False,True,False,False,True,False,False,False,False,True,False
399,False,True,False,True,False,False,False,False,False,True,True,False,False,True,False,False
400,False,False,True,True,False,False,False,False,False,True,True,False,False,False,True,False
401,False,False,True,True,False,False,True,False,False,True,False,False,False,False,True,False
402,False,False,True,True,False,False,True,False,False,True,False,False,False,True,False,False
403,False,False,True,True,False,False,True,False,False,True,False,False,False,False,True,False
404,False,False,True,False,False,False,True,False,False,True,False,True,False,True,False,False
405,False,True,False,True,False,False,True,False,False,True,False,False,False,False,True,False
406,False,False,True,False,False,False,True,True,False,True,False,False,False,False,True,False
407,False,True,False,False,False,True,False,False,False,True,True,False,False,False,True,False
408,False,False,True,True,False,False,True,False,False,True,False,False,False,False,True,False
409,False,False,True,False,False,False,True,False,False,True,False,False,False,True,False,True
410,False,False,True,False,False,False,True,False,False,True,False,False,False,False,True,True
411,False,False,True,False,False,False,True,False,True,False,False,False,False,False,True,True
412,True,False,False,True,False,False,False,False,True,False,True,False,False,True,False,False
413,False,True,False,False,False,False,True,False,False,True,False,False,False,False,True,True
414,False,False,True,True,False,False,False,False,False,True,True,False,False,False,True,False
415,False,False,True,False,False,False,True,False,False,True,False,False,False,True,False,True
416,False,True,False,True,False,False,False,False,False,True,True,False,False,True,False,False
417,False,True,False,False,False,False,False,False,False,True,True,True,False,True,False,False
418,False,True,False,True,False,False,True,False,False,True,False,False,False,False,True,False
419,False,False,True,False,False,True,True,False,False,True,False,False,False,True,False,False
420,False,False,True,False,True,False,True,False,False,False,False,False,False,False,True,True
421,False,False,True,True,False,False,True,False,True,False,False,False,False,False,True,False
422,False,False,True,True,False,False,True,False,False,True,False,False,False,False,True,False
423,False,False,True,True,False,False,True,False,False,True,False,False,False,True,False,False
424,False,False,True,False,False,False,True,False,False,True,False,True,False,False,True,False
425,False,False,True,False,False,False,True,False,False,True,False,False,False,False,True,True
426,False,True,False,True,False,False,False,False,False,True,True,False,False,True,False,False
427,False,True,False,False,False,False,False,False,False,True,True,True,False,True,False,False
428,False,False,True,False,False,False,True,False,True,False,False,False,False,False,True,True
429,False,False,True,True,False,False,False,False,False,True,True,False,False,False,True,False
430,True,False,False,True,False,False,False,False,False,True,True,False,False,False,True,False
431,False,False,True,False,False,False,False,False,False,True,True,False,False,True,False,True
432,False,True,False,True,False,False,False,False,False,True,True,False,False,True,False,False
433,False,False,True,False,False,False,True,False,False,True,False,True,False,False,True,False
434,True,False,False,True,False,False,True,False,False,True,False,False,False,False,True,False
435,True,False,False,False,False,False,False,False,False,True,True,True,False,True,False,False
436,False,False,True,True,False,False,True,False,False,True,False,False,False,True,False,False
437,False,True,False,True,False,False,False,False,False,True,True,False,False,True,False,False
438,True,False,False,False,False,False,True,True,False,True,False,False,False,False,True,False
439,False,True,False,True,False,False,True,False,False,True,False,False,False,False,True,False
440,False,True,False,True,False,False,False,False,False,True,True,False,False,True,False,False
441,False,False,True,False,False,False,True,False,False,True,False,True,False,False,True,False
442,False,False,True,True,False,False,True,False,False,True,False,False,False,False,True,False
443,False,True,False,True,False,False,False,False,False,True,True,False,False,True,False,False
444,False,False,True,False,False,False,False,False,False,True,True,False,False,False,True,True
445,True,False,False,False,False,True,False,False,False,True,True,False,False,False,True,False
446,False,True,False,False,False,False,False,False,False,True,True,True,False,True,False,False
447,True,False,False,True,False,False,False,False,False,True,True,False,False,False,True,False
448,False,False,True,False,True,True,False,False,False,False,True,False,False,True,False,False
449,True,False,False,False,False,False,False,True,False,True,True,False,False,False,True,False
450,False,True,False,True,False,False,True,False,False,True,False,False,False,False,True,False
451,False,False,True,False,False,False,True,False,False,True,False,False,False,False,True,True
452,True,False,False,True,True,False,True,False,False,False,False,False,False,False,True,False
453,True,False,False,True,True,False,False,False,False,False,True,False,False,False,True,False
454,False,False,True,False,False,False,True,False,False,True,False,False,False,False,True,True
455,False,False,True,True,True,False,False,False,False,False,True,False,False,False,True,False
456,True,False,False,False,False,False,True,True,False,True,False,False,False,False,True,False
457,True,False,False,False,False,False,False,False,False,True,True,False,False,True,False,True
458,False,True,False,True,False,False,False,False,False,True,True,False,False,True,False,False
459,False,False,True,False,False,False,True,False,True,False,False,False,False,False,True,True
460,True,False,False,True,False,False,False,False,False,True,True,False,False,False,True,False
461,False,False,True,True,False,False,True,False,False,True,False,False,False,False,True,False
462,True,False,False,True,False,False,True,False,False,True,False,False,False,False,True,False
463,False,True,False,True,False,False,True,False,False,True,False,False,False,False,True,False
464,False,False,True,False,False,False,True,False,False,True,False,False,False,False,True,True
465,False,False,True,True,False,False,True,False,False,True,False,False,False,False,True,False
466,False,True,False,False,False,False,True,False,False,True,False,False,False,False,True,True
467,True,False,False,False,False,False,True,True,False,True,False,False,False,False,True,False
468,False,False,True,False,False,False,True,False,True,False,False,False,False,False,True,True
469,False,False,True,False,True,False,False,False,False,False,True,False,False,True,False,True
470,False,False,True,False,False,False,True,False,False,True,False,False,False,False,True,True
471,False,False,True,True,False,False,True,False,False,True,False,False,False,False,True,False
472,False,True,False,True,False,False,False,False,False,True,True,False,False,True,False,False
473,False,True,False,True,True,False,False,False,False,False,True,False,False,True,False,False
474,False,False,True,True,False,False,True,False,False,True,False,False,False,True,False,False
475,True,False,False,False,False,False,True,False,False,True,False,False,False,False,True,True
476,False,True,False,True,False,False,True,False,False,True,False,False,False,False,True,False
477,False,False,True,True,False,False,True,False,False,True,False,False,False,False,True,False
478,False,False,True,True,False,False,True,False,False,True,False,False,False,False,True,False
479,False,False,True,False,False,True,False,False,False,True,True,False,False,True,False,False
480,False,False,True,False,False,True,True,False,False,True,False,False,False,False,True,False
481,False,True,False,False,False,False,True,False,False,True,False,False,False,False,True,True
482,False,False,True,True,False,False,True,False,False,True,False,False,False,False,True,False
483,False,False,True,False,False,False,False,True,False,True,True,False,False,True,False,False
484,True,False,False,True,True,False,False,False,False,False,True,False,False,False,True,False
485,False,False,True,False,False,False,True,False,False,True,False,False,False,True,False,True
486,True,False,False,True,False,False,False,False,False,True,True,False,False,True,False,False
487,True,False,False,False,True,False,True,True,False,False,False,False,False,False,True,False
488,False,False,True,True,False,False,True,False,False,True,False,False,False,False,True,False
489,False,False,True,False,False,True,False,False,False,True,True,False,False,False,True,False
490,False,False,True,False,False,False,True,False,False,True,False,False,False,False,True,True
491,False,False,True,True,False,False,True,False,False,True,False,False,False,False,True,False
492,True,False,False,False,False,False,True,True,False,True,False,False,False,False,True,False
493,True,False,False,False,True,False,True,True,False,False,False,False,False,False,True,False
494,False,False,True,True,False,False,True,False,False,True,False,False,False,False,True,False
495,False,False,True,False,True,False,True,False,False,False,False,False,False,False,True,True
496,True,False,False,False,True,False,False,True,False,False,True,False,False,True,False,False
497,False,False,True,False,False,False,True,False,False,True,False,False,False,False,True,True
498,True,False,False,True,False,False,True,False,False,True,False,False,False,True,False,False
499,False,False,True,True,False,False,True,False,False,True,False,False,False,False,True,False
500,False,False,True,False,False,False,True,False,False,True,False,True,False,False,True,False
501,False,False,True,True,False,False,True,False,True,False,False,False,False,True,False,False
502,False,False,True,False,False,False,True,False,True,False,False,False,False,True,False,True
503,False,False,True,True,False,False,True,False,False,True,False,False,False,True,False,False
504,True,False,False,False,False,False,False,False,False,True,True,True,False,True,False,False
505,True,False,False,False,True,False,True,False,False,False,False,True,False,False,True,False
506,False,True,False,True,False,False,False,False,False,True,True,False,False,True,False,False
507,True,False,False,False,False,False,False,False,False,True,True,False,False,False,True,True
508,False,False,True,True,False,False,True,False,False,True,False,False,False,False,True,False
509,False,False,True,True,False,False,False,False,False,True,True,False,False,False,True,False
510,False,False,True,True,False,False,False,False,True,False,True,False,False,False,True,False
511,False,False,True,False,False,False,True,False,False,True,False,False,False,False,True,True
512,True,False,False,True,False,False,False,False,False,True,True,False,False,False,True,False
513,True,False,False,False,True,False,False,True,False,False,True,False,False,True,False,False
514,False,False,True,True,False,False,True,False,False,True,False,False,False,False,True,False
515,True,False,False,True,False,False,True,False,False,True,False,False,False,False,True,False
516,False,True,False,True,False,False,False,False,False,True,True,False,False,True,False,False
517,False,False,True,False,False,False,True,False,True,False,False,False,False,False,True,True
518,False,True,False,True,False,False,False,False,False,True,True,False,False,True,False,False
519,False,False,True,True,False,False,True,False,False,True,False,False,False,False,True,False
520,True,False,False,True,False,False,False,False,False,True,True,False,False,True,False,False
521,False,False,True,True,False,False,True,False,False,True,False,False,False,False,True,False
522,False,False,True,False,True,False,True,False,False,False,False,False,False,False,True,True
523,True,False,False,True,True,False,False,False,False,False,True,False,False,True,False,False
524,False,False,True,False,True,False,True,False,False,False,False,False,False,False,True,True
525,False,False,True,True,False,False,True,False,True,False,False,False,False,False,True,False
526,False,True,False,True,False,False,False,False,False,True,True,False,False,True,False,False
527,True,False,False,False,False,False,True,False,False,True,False,False,False,False,True,True
528,False,False,True,True,False,False,True,False,False,True,False,False,False,False,True,False
529,False,True,False,True,False,False,True,False,False,True,False,False,False,False,True,False
530,False,True,False,False,False,True,False,False,False,True,True,False,False,True,False,False
531,False,False,True,False,True,False,True,False,False,False,False,False,False,False,True,True
532,False,False,True,False,True,False,True,False,False,False,False,True,False,False,True,False
533,False,False,True,False,True,False,False,False,False,False,True,False,False,True,False,True
534,False,False,True,True,False,False,True,False,False,True,False,False,False,True,False,False
535,False,True,False,False,False,True,False,False,False,True,True,False,False,True,False,False
536,True,False,False,True,False,False,True,False,False,True,False,False,False,False,True,False
537,True,False,False,True,True,False,False,False,False,False,True,False,False,True,False,False
538,False,False,True,False,False,False,True,False,False,True,False,False,False,False,True,True
539,True,False,False,True,True,False,False,False,False,False,True,False,False,True,False,False
540,True,False,False,True,False,False,False,False,False,True,True,False,False,True,False,False
541,False,False,True,False,False,True,True,False,False,True,False,False,False,True,False,False
542,False,False,True,False,False,False,True,False,False,True,False,True,False,True,False,False
543,False,True,False,True,False,False,False,False,False,True,True,False,False,False,True,False
544,True,False,False,True,True,False,True,False,False,False,False,False,False,False,True,False
545,True,False,False,False,False,False,True,True,False,True,False,False,False,False,True,False
546,False,True,False,False,False,False,False,False,False,True,True,True,False,True,False,False
547,False,True,False,False,True,False,False,False,False,False,True,False,False,False,True,True
548,False,False,True,True,False,False,True,False,False,True,False,False,False,False,True,False
549,False,True,False,False,False,True,False,False,False,True,True,False,False,False,True,False
550,True,False,False,False,True,False,False,False,False,False,True,True,False,False,True,False
551,False,True,False,True,False,False,True,False,False,True,False,False,False,False,True,False
552,False,False,True,False,False,False,True,False,True,False,False,False,False,False,True,True
553,False,False,True,True,True,False,False,False,False,False,True,False,False,False,True,False
554,False,False,True,True,False,False,False,False,False,True,True,False,False,True,False,False
555,True,False,False,False,False,False,True,True,False,True,False,False,False,False,True,False
556,True,False,False,True,True,False,False,False,False,False,True,False,False,True,False,False
557,True,False,False,False,True,False,True,False,False,False,False,False,False,False,True,True
558,True,False,False,True,False,False,False,False,False,True,True,False,False,True,False,False
559,False,False,True,True,False,False,False,False,False,True,True,False,False,True,False,False
560,False,False,True,False,False,False,True,False,True,False,False,False,False,False,True,True
561,False,False,True,True,False,False,True,False,False,True,False,False,False,False,True,False
562,False,True,False,True,False,False,True,False,False,True,False,False,False,False,True,False
563,False,False,True,False,False,False,True,False,False,True,False,False,False,False,True,True
564,False,False,True,False,False,False,True,False,False,True,False,False,False,True,False,True
565,False,False,True,True,False,False,True,False,False,True,False,False,False,False,True,False
566,False,False,True,False,False,False,True,False,False,True,False,True,False,False,True,False
567,False,False,True,True,False,False,True,False,False,True,False,False,False,True,False,False
568,False,False,True,False,True,False,True,False,False,False,False,False,False,False,True,True
569,False,False,True,True,False,False,False,False,False,True,True,False,False,False,True,False
570,False,True,False,False,False,False,False,True,False,True,True,False,False,False,True,False
571,True,False,False,False,False,False,False,True,False,True,True,False,False,True,False,False
572,True,False,False,True,False,False,False,False,False,True,True,False,False,False,True,False
573,False,False,True,False,False,False,False,False,True,False,True,False,False,True,False,True
574,False,False,True,False,False,False,True,False,False,True,False,True,False,False,True,False
575,False,False,True,False,False,False,True,False,False,True,False,True,False,False,True,False
576,False,True,False,True,False,False,False,False,False,True,True,False,False,True,False,False
577,True,False,False,True,False,False,False,False,False,True,True,False,False,True,False,False
578,False,False,True,False,True,False,True,False,False,False,False,False,False,True,False,True
579,False,False,True,True,False,False,False,False,False,True,True,False,False,False,True,False
580,False,True,False,True,False,False,False,False,False,True,True,False,False,True,False,False
581,True,False,False,True,True,False,False,False,False,False,True,False,False,True,False,False
582,False,True,False,False,False,False,True,True,False,True,False,False,False,False,True,False
583,True,False,False,True,True,False,True,False,False,False,False,False,False,False,True,False
584,False,False,True,False,True,False,True,False,False,False,False,False,False,False,True,True
585,True,False,False,False,False,False,False,False,False,True,True,True,False,True,False,False
586,False,True,False,True,False,False,True,False,False,True,False,False,False,False,True,False
587,True,False,False,False,True,False,False,True,False,False,True,False,False,False,True,False
588,False,False,True,True,False,False,True,False,False,True,False,False,False,False,True,False
589,False,False,True,False,False,False,True,False,False,True,False,False,False,False,True,True
590,False,False,True,True,False,False,True,False,False,True,False,False,False,False,True,False
591,True,False,False,False,True,False,False,True,False,False,True,False,False,True,False,False
592,False,False,True,True,False,False,True,False,False,True,False,False,False,False,True,False
593,False,False,True,False,False,False,True,False,True,False,False,False,False,True,False,True
594,False,True,False,True,False,False,True,False,False,True,False,False,False,False,True,False
595,False,False,True,True,False,False,True,False,False,True,False,False,False,False,True,False
596,False,True,False,False,False,False,False,False,False,True,True,False,False,True,False,True
597,False,False,True,True,False,False,True,False,False,True,False,False,False,False,True,False
598,False,False,True,False,True,False,True,False,False,False,False,False,False,False,True,True
599,True,False,False,True,True,False,False,False,False,False,True,False,False,False,True,False
600,False,True,False,True,False,False,False,False,False,True,True,False,False,True,False,False
601,False,False,True,False,False,False,True,False,False,True,False,False,False,False,True,True
602,True,False,False,False,False,False,True,False,False,True,False,False,False,False,True,True
603,False,False,True,True,False,False,True,False,False,True,False,False,False,False,True,False
604,True,False,False,True,True,False,False,False,False,False,True,False,False,False,True,False
605,False,False,True,True,False,False,True,False,False,True,False,False,False,False,True,False
606,False,False,True,True,False,False,True,False,False,True,False,False,False,False,True,False
607,True,False,False,True,False,False,False,False,False,True,True,False,False,False,True,False
608,False,True,False,True,True,False,False,False,False,False,True,False,False,True,False,False
609,True,False,False,True,False,False,False,False,False,True,True,False,False,True,False,False
610,False,False,True,True,False,False,True,False,False,True,False,False,False,True,False,False
611,False,False,True,False,False,False,True,False,False,True,False,False,False,False,True,True
612,False,False,True,False,False,False,False,False,True,False,True,False,False,True,False,True
613,False,False,True,False,False,False,True,False,True,False,False,False,False,False,True,True
614,False,False,True,True,False,False,True,False,False,True,False,False,False,False,True,False
615,False,True,False,True,False,False,False,False,False,True,True,False,False,True,False,False
616,False,False,True,True,False,False,True,False,False,True,False,False,False,False,True,False
617,False,False,True,True,False,False,True,False,False,True,False,False,False,True,False,False
618,False,True,False,False,False,True,False,False,False,True,True,False,False,True,False,False
619,False,True,False,True,False,False,True,False,False,True,False,False,False,False,True,False
620,False,False,True,True,True,False,True,False,False,False,False,False,False,False,True,False
621,True,False,False,True,False,False,False,False,False,True,True,False,False,False,True,False
622,False,False,True,False,True,False,False,False,False,False,True,True,False,False,True,False
623,False,False,True,True,False,False,True,False,False,True,False,False,False,False,True,False
624,False,False,True,True,False,False,True,False,False,True,False,False,False,False,True,False
625,True,False,False,False,False,False,True,True,False,True,False,False,False,False,True,False
626,False,True,False,False,False,False,True,True,True,False,False,False,False,False,True,False
627,True,False,False,True,False,False,False,False,False,True,True,False,False,True,False,False
628,False,False,True,True,False,False,True,False,False,True,False,False,False,False,True,False
629,False,False,True,False,False,False,True,False,True,False,False,False,False,False,True,True
630,True,False,False,False,False,False,False,True,False,True,True,False,False,False,True,False
631,False,False,True,False,False,False,True,True,False,True,False,False,False,False,True,False
632,True,False,False,True,True,False,False,False,False,False,True,False,False,False,True,False
633,True,False,False,False,False,False,True,False,False,True,False,False,False,False,True,True
634,False,False,True,False,False,True,True,False,False,True,False,False,False,True,False,False
635,False,True,False,True,False,False,False,False,False,True,True,False,False,True,False,False
636,False,False,True,True,False,False,True,False,False,True,False,False,False,False,True,False
637,False,True,False,True,False,False,True,False,False,True,False,False,False,False,True,False
638,False,False,True,True,False,False,True,False,False,True,False,False,False,True,False,False
639,False,False,True,False,False,False,True,False,False,True,False,False,False,False,True,True
640,False,False,True,False,False,False,True,False,False,True,False,True,False,False,True,False
641,True,False,False,True,True,False,False,False,False,False,True,False,False,True,False,False
642,False,False,True,False,False,True,True,False,False,True,False,False,False,True,False,False
643,False,False,True,False,False,False,False,False,False,True,True,False,False,False,True,True
644,False,False,True,False,True,False,False,False,False,False,True,False,False,True,False,True
645,True,False,False,True,True,False,False,False,False,False,True,False,False,False,True,False
646,False,False,True,False,False,False,True,False,False,True,False,True,False,False,True,False
647,True,False,False,False,True,False,False,True,False,False,True,False,False,False,True,False
648,False,False,True,False,False,False,True,False,False,True,False,False,False,False,True,True
649,False,False,True,True,False,False,False,False,False,True,True,False,False,True,False,False
650,False,False,True,False,False,False,True,False,False,True,False,False,False,False,True,True
651,False,True,False,False,False,False,False,False,False,True,True,True,False,True,False,False
652,False,False,True,True,False,False,True,False,False,True,False,False,False,False,True,False
653,False,False,True,False,False,False,False,False,True,False,True,False,False,True,False,True
654,False,False,True,False,False,False,True,False,True,False,False,True,False,True,False,False
655,False,True,False,True,False,False,True,False,False,True,False,False,False,False,True,False
656,False,False,True,False,False,False,True,False,False,True,False,False,False,False,True,True
657,False,False,True,True,False,False,True,False,True,False,False,False,False,True,False,False
658,False,True,False,True,False,False,True,False,False,True,False,False,False,False,True,False
659,True,False,False,False,True,False,True,True,False,False,False,False,False,False,True,False
660,True,False,False,True,False,False,False,False,False,True,True,False,False,False,True,False
661,False,False,True,True,True,False,True,False,False,False,False,False,False,False,True,False
662,True,False,False,True,False,False,True,False,False,True,False,False,False,False,True,False
663,False,False,True,True,False,False,True,False,False,True,False,False,False,False,True,False
664,False,False,True,False,False,False,False,False,False,True,True,True,False,False,True,False
665,False,True,False,True,False,False,True,False,False,True,False,False,False,False,True,False
666,False,True,False,True,False,False,True,False,False,True,False,False,False,False,True,False
667,False,False,True,False,False,False,True,False,False,True,False,False,False,False,True,True
668,False,False,True,True,False,False,True,False,False,True,False,False,False,False,True,False
669,True,False,False,False,False,False,False,False,False,True,True,False,False,True,False,True
670,False,True,False,True,False,False,False,False,False,True,True,False,False,True,False,False
671,True,False,False,True,False,False,True,False,False,True,False,False,False,False,True,False
672,False,True,False,False,False,False,True,True,False,True,False,False,False,False,True,False
673,False,True,False,True,False,False,False,False,False,True,True,False,False,False,True,False
674,False,True,False,False,False,False,True,False,False,True,False,False,False,False,True,True
675,False,False,True,False,False,False,True,False,False,True,False,True,False,False,True,False
676,False,False,True,True,False,False,True,False,False,True,False,False,False,False,True,False
677,False,False,True,False,False,False,False,False,False,True,True,True,False,True,False,False
678,False,False,True,True,False,False,True,False,False,True,False,False,False,True,False,False
679,True,False,False,True,True,False,False,False,False,False,True,False,False,False,True,False
680,False,False,True,False,False,False,True,False,True,False,False,False,False,True,False,True
681,True,False,False,True,True,False,False,False,False,False,True,False,False,False,True,False
682,False,False,True,False,False,False,True,False,False,True,False,True,False,False,True,False
683,False,False,True,False,False,False,True,False,False,True,False,True,False,False,True,False
684,False,True,False,False,False,False,True,True,False,True,False,False,False,False,True,False
685,False,True,False,True,True,False,True,False,False,False,False,False,False,False,True,False
686,False,False,True,False,False,False,True,False,False,True,False,True,False,False,True,False
687,False,False,True,False,False,False,True,False,False,True,False,True,False,False,True,False
688,False,False,True,False,False,False,True,False,False,True,False,True,False,False,True,False
689,True,False,False,False,False,False,False,False,False,True,True,True,False,True,False,False
690,True,False,False,True,False,False,False,False,False,True,True,False,False,False,True,False
691,False,False,True,False,True,True,False,False,False,False,True,False,False,True,False,False
692,False,False,True,False,False,False,False,False,False,True,True,False,False,False,True,True
693,False,False,True,True,True,False,True,False,False,False,False,False,False,False,True,False
694,True,False,False,False,False,False,True,True,False,True,False,False,False,False,True,False
695,False,True,False,False,False,False,True,True,False,True,False,False,False,False,True,False
696,False,False,True,True,False,False,True,False,False,True,False,False,False,False,True,False
697,False,False,True,False,False,False,False,False,True,False,True,False,False,True,False,True
698,True,False,False,True,True,False,True,False,False,False,False,False,False,False,True,False
699,False,False,True,True,False,False,True,False,False,True,False,False,False,False,True,False
700,True,False,False,False,True,False,False,False,False,False,True,True,False,True,False,False
701,True,False,False,True,False,False,False,False,False,True,True,False,False,False,True,False
702,False,False,True,False,True,False,True,False,False,False,False,True,False,True,False,False
703,False,False,True,True,False,False,True,False,True,False,False,False,False,False,True,False
704,False,False,True,True,False,False,True,False,False,True,False,False,False,False,True,False
705,False,True,False,True,False,False,True,False,False,True,False,False,False,False,True,False
706,False,True,False,True,False,False,False,False,False,True,True,False,False,True,False,False
707,True,False,False,True,False,False,False,False,False,True,True,False,False,False,True,False
708,True,False,False,True,False,False,False,False,False,True,True,False,False,True,False,False
709,False,False,True,False,True,False,False,False,False,False,True,False,False,False,True,True
710,True,False,False,True,True,False,False,False,False,False,True,False,False,True,False,False
711,True,False,False,False,False,False,True,False,False,True,False,False,False,False,True,True
712,True,False,False,True,False,False,False,False,False,True,True,False,False,False,True,False
713,False,False,True,True,False,False,True,False,False,True,False,False,False,False,True,False
714,False,True,False,False,False,False,True,True,False,True,False,False,False,False,True,False
715,False,False,True,False,False,False,True,False,False,True,False,True,False,False,True,False
716,True,False,False,True,True,False,False,False,False,False,True,False,False,True,False,False
717,False,True,False,True,False,False,False,False,False,True,True,False,False,True,False,False
718,False,False,True,False,False,False,True,False,True,False,False,False,False,False,True,True
719,False,False,True,True,False,False,True,False,False,True,False,False,False,False,True,False
720,False,True,False,False,False,True,False,False,False,True,True,False,False,True,False,False
721,False,False,True,False,False,False,True,False,False,True,False,True,False,False,True,False
722,False,True,False,True,False,False,True,False,False,True,False,False,False,False,True,False
723,False,True,False,True,False,False,True,False,False,True,False,False,False,False,True,False
724,True,False,False,True,False,False,False,False,False,True,True,False,False,False,True,False
725,False,False,True,False,False,False,True,False,False,True,False,True,False,False,True,False
726,False,True,False,True,False,False,False,False,False,True,True,False,False,True,False,False
727,False,False,True,False,False,False,False,False,True,False,True,False,False,True,False,True
728,False,True,False,True,False,False,True,False,False,True,False,False,False,False,True,False
729,False,False,True,True,False,False,True,False,False,True,False,False,False,True,False,False
730,True,False,False,True,False,False,False,False,False,True,True,False,False,True,False,False
731,False,False,True,False,True,False,True,False,False,False,False,True,False,False,True,False
732,False,True,False,False,False,False,True,False,False,True,False,False,False,False,True,True
733,False,True,False,True,False,False,True,False,False,True,False,False,False,False,True,False
734,False,True,False,True,False,False,True,False,False,True,False,False,False,False,True,False
735,False,False,True,True,False,False,True,False,False,True,False,False,False,False,True,False
736,False,False,True,True,False,False,True,False,False,True,False,False,False,True,False,False
737,True,False,False,True,True,False,False,False,False,False,True,False,False,False,True,False
738,False,False,True,False,False,False,True,False,False,True,False,False,False,False,True,True
739,False,False,True,False,False,False,True,False,False,True,False,False,False,False,True,True
740,True,False,False,False,False,False,False,False,False,True,True,False,False,False,True,True
741,True,False,False,True,False,False,True,False,False,True,False,False,False,False,True,False
742,True,False,False,True,True,False,False,False,False,False,True,False,False,True,False,False
743,False,False,True,True,False,False,True,False,False,True,False,False,False,False,True,False
744,False,False,True,True,False,False,False,False,False,True,True,False,False,False,True,False
745,True,False,False,False,False,False,True,True,False,True,False,False,False,False,True,False
746,False,False,True,False,False,False,True,False,False,True,False,True,False,False,True,False
747,False,True,False,True,False,False,False,False,False,True,True,False,False,True,False,False
748,True,False,False,False,False,False,True,False,False,True,False,True,False,False,True,False
749,False,False,True,True,False,False,True,False,True,False,False,False,False,False,True,False
750,False,True,False,False,False,True,False,False,False,True,True,False,False,True,False,False
751,False,False,True,False,False,True,False,False,False,True,True,False,False,False,True,False
752,False,False,True,True,False,False,True,False,False,True,False,False,False,False,True,False
753,False,False,True,True,False,False,True,False,False,True,False,False,False,False,True,False
754,False,True,False,True,False,False,False,False,False,True,True,False,False,True,False,False
755,False,True,False,False,False,False,False,False,False,True,True,False,False,False,True,True
756,False,False,True,True,False,False,True,False,False,True,False,False,False,False,True,False
757,False,True,False,False,False,False,True,False,False,True,False,True,False,False,True,False
758,False,False,True,True,False,False,True,False,False,True,False,False,False,False,True,False
759,True,False,False,True,False,False,False,False,False,True,True,False,False,True,False,False
760,False,False,True,False,False,False,True,False,False,True,False,False,False,False,True,True
761,False,False,True,True,False,False,True,False,False,True,False,False,False,False,True,False
762,False,False,True,False,True,False,False,False,False,False,True,True,False,False,True,False
763,True,False,False,True,False,False,False,False,False,True,True,False,False,True,False,False
764,False,False,True,False,False,False,True,False,False,True,False,True,False,False,True,False
765,True,False,False,False,False,False,False,True,False,True,True,False,False,True,False,False
766,True,False,False,False,True,False,True,False,False,False,False,False,False,False,True,True
767,False,False,True,True,False,False,True,False,True,False,False,False,False,True,False,False
768,False,False,True,False,False,False,True,False,True,False,False,False,False,False,True,True
769,False,False,True,True,False,False,True,False,False,True,False,False,False,False,True,False
770,False,False,True,True,False,False,True,False,False,True,False,False,False,False,True,False
771,False,False,True,True,False,False,True,False,False,True,False,False,False,False,True,False
772,False,True,False,False,False,False,True,True,False,True,False,False,False,True,False,False
773,False,False,True,False,True,False,True,False,False,False,False,False,False,False,True,True
774,False,True,False,False,False,False,False,True,False,True,True,False,False,True,False,False
775,False,False,True,False,False,False,True,False,False,True,False,True,False,False,True,False
776,False,False,True,False,False,False,True,False,True,False,False,False,False,False,True,True
777,False,False,True,False,False,True,False,False,False,True,True,False,False,True,False,False
778,False,False,True,False,False,False,True,False,True,False,False,False,False,False,True,True
779,True,False,False,True,False,False,False,False,False,True,True,False,False,True,False,False
780,False,False,True,False,True,False,False,False,False,False,True,True,False,True,False,False
781,True,False,False,False,False,False,False,False,False,True,True,True,False,True,False,False
782,True,False,False,True,False,False,True,False,False,True,False,False,False,False,True,False
783,False,False,True,False,False,False,True,False,False,True,False,False,False,False,True,True
784,False,False,True,True,False,False,True,False,False,True,False,False,False,False,True,False
785,False,False,True,True,False,False,True,False,False,True,False,False,False,False,True,False
786,False,False,True,False,False,False,False,False,False,True,True,True,False,True,False,False
787,False,False,True,False,False,True,True,False,True,False,False,False,False,False,True,False
788,False,False,True,False,False,False,False,False,False,True,True,False,False,False,True,True
789,True,False,False,True,True,False,True,False,False,False,False,False,False,False,True,False
790,False,False,True,False,False,False,True,False,True,False,False,False,False,False,True,True
791,False,True,False,False,False,False,True,False,False,True,False,True,False,False,True,False
792,False,False,True,False,False,False,True,False,False,True,False,False,False,True,False,True
793,True,False,False,False,True,False,True,False,False,False,False,False,False,False,True,True
794,False,False,True,True,False,False,True,False,False,True,False,False,False,False,True,False
795,False,True,False,True,False,False,True,False,False,True,False,False,False,False,True,False
796,True,False,False,True,False,False,False,False,False,True,True,False,False,True,False,False
797,False,False,True,True,False,False,False,False,False,True,True,False,False,True,False,False
798,False,False,True,True,True,False,True,False,False,False,False,False,False,False,True,False
799,False,False,True,True,False,False,True,False,False,True,False,False,False,True,False,False
800,False,True,False,True,False,False,True,False,False,True,False,False,False,False,True,False
801,False,True,False,True,False,False,False,False,False,True,True,False,False,True,False,False
802,True,False,False,False,False,False,False,False,False,True,True,True,False,False,True,False
803,False,False,True,False,True,False,False,False,False,False,True,False,False,False,True,True
804,False,False,True,True,False,False,False,False,False,True,True,False,False,False,True,False
805,False,False,True,True,False,False,True,False,False,True,False,False,False,False,True,False
806,True,False,False,True,False,False,True,False,False,True,False,False,False,False,True,False
807,False,False,True,False,False,False,True,False,False,True,False,True,False,True,False,False
808,False,True,False,True,False,False,True,False,False,True,False,False,False,False,True,False
809,True,False,False,True,False,False,False,False,False,True,True,False,False,True,False,False
810,False,False,True,True,False,False,True,False,False,True,False,False,False,False,True,False
811,False,False,True,True,False,False,True,False,False,True,False,False,False,False,True,False
812,False,True,False,True,False,False,True,False,False,True,False,False,False,False,True,False
813,False,False,True,False,False,True,True,False,False,True,False,False,False,True,False,False
814,False,False,True,True,False,False,True,False,False,True,False,False,False,False,True,False
815,True,False,False,False,False,False,True,False,False,True,False,False,False,False,True,True
816,False,False,True,True,False,False,True,False,False,True,False,False,False,True,False,False
817,False,True,False,True,True,False,True,False,False,False,False,False,False,False,True,False
818,False,False,True,True,False,False,True,False,False,True,False,False,False,False,True,False
819,False,False,True,False,False,True,True,False,False,True,False,False,False,False,True,False
820,True,False,False,False,False,False,False,True,False,True,True,False,False,True,False,False
821,False,False,True,True,False,False,False,False,False,True,True,False,False,False,True,False
822,True,False,False,True,False,False,True,False,False,True,False,False,False,False,True,False
823,False,False,True,True,False,False,False,False,False,True,True,False,False,True,False,False
824,False,False,True,False,False,True,True,False,False,True,False,False,False,False,True,False
825,False,False,True,False,False,False,True,False,True,False,False,False,False,False,True,True
826,False,False,True,False,False,False,True,False,False,True,False,False,False,False,True,True
827,False,True,False,False,True,False,False,False,False,False,True,False,False,False,True,True
828,False,False,True,False,False,False,False,False,True,False,True,False,False,False,True,True
829,True,False,False,False,False,False,False,True,False,False,True,False,True,True,False,False
830,False,False,True,False,True,False,False,False,False,False,True,True,False,True,False,False
831,False,True,False,False,False,False,False,False,False,True,True,False,False,False,True,True
832,False,False,True,False,True,False,True,False,False,False,False,False,False,False,True,True
833,False,False,True,True,False,False,True,False,False,True,False,False,False,False,True,False
834,False,False,True,False,False,False,True,False,False,True,False,True,False,False,True,False
835,True,False,False,True,True,False,False,False,False,False,True,False,False,True,False,False
836,False,False,True,True,False,False,True,False,False,True,False,False,False,False,True,False
837,False,False,True,False,False,False,True,False,False,True,False,False,False,False,True,True
838,False,False,True,True,False,False,False,False,False,True,True,False,False,False,True,False
839,True,False,False,False,True,False,False,False,False,False,True,False,False,False,True,True
840,False,False,True,False,False,False,True,False,False,True,False,True,False,False,True,False
841,False,True,False,False,False,False,True,False,False,True,False,True,False,False,True,False
842,True,False,False,True,True,False,False,False,False,False,True,False,False,True,False,False
843,False,False,True,True,True,False,True,False,False,False,False,False,False,False,True,False
844,False,False,True,False,False,False,True,False,False,True,False,True,False,False,True,False
845,False,False,True,True,False,False,True,False,False,True,False,False,False,False,True,False
846,False,False,True,False,False,False,True,False,False,True,False,False,False,False,True,True
847,False,False,True,True,True,False,True,False,False,False,False,False,False,False,True,False
848,False,True,False,True,False,False,True,False,False,True,False,False,False,False,True,False
849,True,False,False,False,True,False,False,False,False,False,True,False,False,True,False,True
850,False,False,True,False,False,True,True,False,False,True,False,False,False,False,True,False
851,False,False,True,False,False,False,True,True,False,True,False,False,False,False,True,False
852,False,False,True,False,True,True,True,False,False,False,False,False,False,True,False,False
853,True,False,False,False,False,False,False,False,False,True,True,True,False,True,False,False
854,False,True,False,True,False,False,True,False,False,True,False,False,False,True,False,False
855,False,False,True,False,False,False,False,False,False,True,True,True,False,True,False,False
856,True,False,False,True,False,False,False,False,False,True,True,False,False,True,False,False
857,True,False,False,False,False,False,False,True,False,True,True,False,False,False,True,False
858,False,False,True,True,True,False,False,False,False,False,True,False,False,True,False,False
859,False,False,True,False,True,False,True,False,False,False,False,False,False,False,True,True
860,False,False,True,True,False,False,True,False,False,True,False,False,False,False,True,False
861,False,True,False,True,False,False,True,False,False,True,False,False,False,False,True,False
862,True,False,False,True,False,False,False,False,False,True,True,False,False,True,False,False
863,False,False,True,False,False,False,True,False,False,True,False,False,False,True,False,True
864,False,True,False,True,False,False,True,False,False,True,False,False,False,False,True,False
865,False,True,False,True,False,False,False,False,False,True,True,False,False,True,False,False
866,False,True,False,True,True,False,False,False,False,False,True,False,False,True,False,False
867,True,False,False,True,False,False,True,False,False,True,False,False,False,False,True,False
868,False,False,True,False,False,False,True,False,False,True,False,False,False,False,True,True
869,False,False,True,False,False,True,False,False,False,True,True,False,False,False,True,False
870,False,False,True,True,False,False,True,False,False,True,False,False,False,False,True,False
871,True,False,False,True,False,False,False,False,False,True,True,False,False,True,False,False
872,True,False,False,True,False,False,True,False,False,True,False,False,False,False,True,False
873,False,False,True,True,False,False,True,False,False,True,False,False,False,False,True,False
874,False,True,False,True,True,False,False,False,False,False,True,False,False,True,False,False
875,False,False,True,False,True,False,False,False,False,False,True,True,False,True,False,False
876,False,False,True,False,False,False,True,False,False,True,False,True,False,False,True,False
877,False,False,True,False,False,False,True,False,False,True,False,True,False,False,True,False
878,False,False,True,False,False,False,True,False,False,True,False,False,False,False,True,True
879,True,False,False,False,True,False,False,True,False,False,True,False,False,True,False,False
880,False,True,False,True,False,False,False,False,False,True,True,False,False,True,False,False
881,False,False,True,True,False,False,True,False,False,True,False,False,False,False,True,False
882,False,False,True,True,False,False,True,False,False,True,False,False,False,True,False,False
883,False,True,False,True,False,False,True,False,False,True,False,False,False,False,True,False
884,False,False,True,True,False,False,True,False,False,True,False,False,False,False,True,False
885,False,False,True,True,False,False,True,False,True,False,False,False,False,True,False,False
886,False,True,False,True,False,False,True,False,False,True,False,False,False,False,True,False
887,True,False,False,False,False,False,False,False,False,True,True,True,False,True,False,False
888,False,False,True,False,False,False,True,False,False,True,False,False,False,True,False,True
889,True,False,False,True,True,False,False,False,False,False,True,False,False,False,True,False
